addr,localhost:50050
total,20
concurrency,5
elapsed_s,0.39815759658813477
throughput_rps,50.23136610071653
p50_ms,45.859575271606445
p95_ms,261.19136810302734
p99_ms,261.19136810302734
ok_count,20
